{"E": 0.12498000917418241, "T": 0.09249194098434299, "A": 0.0806592684632528, "O": 0.07591498984286947, "I": 0.07285299584254035, "N": 0.07094630827654956, "S": 0.06547782972641593, "R": 0.0613157345235188, "H": 0.05420100224887572, "L": 0.04132933355274955, "D": 0.03967507296256348, "C": 0.031018176217206882, "U": 0.027138849796888995, "M": 0.02541990216031557, "F": 0.023319364162154202, "P": 0.020213543107595208, "G": 0.019507885393096017, "W": 0.01878242122139679, "Y": 0.017230353522083252, "B": 0.015340311808420146, "V": 0.009958223124797326, "K": 0.0065696332876590815, "X": 0.0019880204647058416, "J": 0.0016342434259945422, "Q": 0.0010752377775722214, "Z": 0.000959348932252856}